ItemID,SongID
109,1
109,2
109,3
109,4
109,5
109,6
109,7
109,8
109,9
109,10
109,11
109,12
109,13
109,14
109,15
109,16
109,17
110,18
110,19
110,20
110,21
110,22
110,23
110,24
110,25
110,26
110,27
110,28
110,29
110,30
110,31
110,32
110,33
111,34
111,35
111,36
111,37
111,38
111,39
111,40
111,41
111,42
111,43
111,44
111,45
112,46
112,47
112,48
112,49
112,50
112,51
112,52
112,53
112,54
112,55
112,56
112,57
112,58
112,59
113,60
113,61
113,62
113,63
113,64
113,65
113,66
113,67
113,68
113,69
114,70
114,71
114,72
114,73
114,74
114,75
114,76
114,77
114,78
114,79
114,80
115,81
115,82
115,83
115,84
115,85
115,86
115,87
115,88
115,89
115,90
115,91
116,92
116,93
116,94
116,95
116,96
116,97
116,98
116,99
117,100
117,101
117,102
117,103
117,104
117,105
117,106
117,107
117,108
118,109
118,110
118,111
118,112
118,113
118,114
118,115
118,116
118,117
119,118
119,119
119,120
119,121
119,122
119,123
119,124
119,125
119,126
119,127
119,128
119,129
119,130
119,131
120,132
120,133
120,134
120,135
120,136
120,137
120,138
120,139
120,140
120,141
120,142
120,143
120,144
120,145
120,146
120,147
120,148
120,149
120,150
120,151
120,152
120,153
120,154
121,155
121,156
121,157
121,158
121,159
121,160
121,161
121,162
121,163
121,164
122,165
122,166
122,167
122,168
122,169
122,170
122,171
122,172
122,173
122,174
122,175
122,176
122,177
122,178
122,179
122,180
123,181
123,182
123,183
123,184
123,185
123,186
123,187
123,188
123,189
124,190
124,191
124,192
124,193
124,194
124,195
124,196
124,197
124,198
124,199
124,200
124,201
124,202
124,203
125,204
125,205
125,206
125,207
125,208
125,209
125,210
125,211
125,212
125,213
126,214
126,215
126,216
126,217
126,218
126,219
126,220
126,221
126,222
126,223
126,224
126,225
126,226
126,227
127,228
127,229
127,230
127,231
127,232
127,233
127,234
127,235
127,236
127,237
127,238
127,239
127,240
127,241
128,242
128,243
128,244
128,245
128,246
